train_loss,step,epoch
0.08528802543878555,49,0
0.039516229182481766,99,0
